protein_name,sequence,length
Qcyto_Tetr.ther,----------------------------------------------------------------------meslaerl-----kafsidekqiadilknkkicesiekvln-lsgins---adkkr---------gnllygiatkitpsieefr----qtltkyvvedkianqnhldytisyidta------ikkegsiatevlekncgigvnmtdaqisqkikeylts----kkevl-ekirytlsisdylkalr---eivpfaegkllstefkvqleaiigpe-----------teqdkqmkadllkkkakeesnkhkkvetaateqeveepkk----------------------klgdifnardlassrnt-pelikqr-neqfgdviltrfppepngylhighaksinfnfgiaseynlaifsvidfilfsekfyclikqekkpnkislyrllrqidkyknsqinqnlnfrnklkkfcqiliilidllayiffrykrpekldkhkdykqylvsgqcylrfddtnpekenmeyinsikdnvkwl------grtpf-kt--tyssdnfeilyqcaiklikkgfafvchqnkeesrkfreqgi---------pspyrdrpveenlrifeemrlglwdegaavlrakidykspnttlrdpaiyri-ryvs---hphagskwciyplydythpicdslegityslctlefeirrelyywylekldm------yrpyvwefsrlnvsnt-vlskrklqalvfgnhvkgwddprlltiqgmrrrgytpeginafcdlvsvtrngnenvigfqllehcirkdldnttkrtmavidpvkvtitnlpdtyeqv------leapdfpt-------------------qvergshkisftnsvyveredtqlkd-hkd-------------------ffglapgkvvglkyag-vvkcidvkak-dg-vvtevvaef-ikddp-------pkpktylnwvs----akea-fdcevriynslftedptssdke----------------------------flellnpnslvfksgakin--------kniipelq----------------------------------------------hlsrfqferqgyfaid-----------------------------------------------------------------------------------------------------------------------------------------------------------------------------------------------------------------------------------------------------------------------------------------------------------------------------------------------fdsditkktfvwnkivglsdt---gkqkalqrvaqa------------------------------------------------------------------------------------------------------------------------------------------------------------------------------------------------------------------,1731
Qcyto_Tetr.ther2,---------------------------------------------------------------mfrrlfqtqkyankfyykiyqgfsvsknfieqaekskqvsnhledlhqkykesiy---ankkk---------anliislsskltptlesyk----yelaqyiineqinsnadldkalayvkdy------akknnqldwkqfeqtlglgiqidesqvisdivtelnsipnlnkellcsdkkys---sqnlrvvr---dklkqhesklifqcfdkavqqfienq-----------ekntnqqgaq--dkdgvihssqgnsifikedlqt--hiwd----------------------kias-lkgrdlcyennskqayekhl-kerngyqyifrfppepngylhlghakalrtnfysaeklgg-----------------------------------------------------------------------------------------------vcylryddtnpekekldyiesikdnvlwf------gfkpy-ni--tyssdyfqeiyecaiklinkglayvcelsqeqmaelrqnkq---------aspyrnrsiednlrmfedmkqgkykenevclrmkidyqhpnptmrdpvmyrv-kyhp---hpktgkkwciypmydfthclcdsfenithslctlefeirrdlyywildsldl------ykpvvweysrlnvsns-vlskrklltlinnkvvdgwddprlltinalrrrgvrpeaisafvdlvnvarrgneniidqklldycirqdlenisprtmsilepiklqiinfddf---nvkqvk---vplfpke-------------------pnrgfrelnissellvdasdvresepnkkqedhqnlqkkstkkvdkntfigiypgsqialkyfg-vieiisvnmqekv-vksrlisteeker---------reaigqihwin----pqea-vqcqvkvyndlftvadpnqfdn----------------------------ildavnpnsleeynnayin--------kdlinlsk----------------------------------------------eyktfqfervgyftldq-----------------------------------------------------------------------------------------------------------------------------------------------------------------------------------------------------------------------------------------------------------------------------------------------------------------------------------------------tsdiqenkirfnrtvslkdr--vnrsnl-------------------------------------------------------------------------------------------------------------------------------------------------------------------------------------------------------------------------,1731
Qmito_Cyan.mero,mhctrvhtpgsqrsrkpdieapgqqrpagaifprlafrrrlrtalplapvvlcrgcvaaalvvmetnavaaaasgddglldqlralgledrnlravarsakvqaalteavqvakrsalestadrlpeeqaltpqkasllyvavsklptklrcfr----elifeaigdgridntakleaafayleallesapgtaaegkvdrddfnaavgagvvvddstlsaavdeeirt-----imddllvrgykyplgpiiagvq---rrvrfvegrrikeavdaklfallgprsseagagsrastttskeaadrpsddrcktnrrmlntatsassapktkdghagigsgsaidnetdaqlaenpfaalpayfdarsldsmrntpellalqr-antdgcsvvtrfppepnahlhcghtkamlldfgyamrngg-----------------------------------------------------------------------------------------------rcilrfddtnpdteeqafidsiietvqwm------gyqpy-qi--tyssdyfdrlhelavelirrgkayvchqrpeemardreekr---------pspwrnrsveenldcfermrlglydegaavlrmkidmqhpnpvmrdpvayri-kyaa---hphvgdrwciypsydfthclvdslewithsmctlefeirrdsyywllealdm------yrpfvfefsrlnlsht-vlskrkltqiierglvrgwddprmptligmrrrgytpvainhfvasvgfsraen--nvhlrkleacvrqymdqhaprrmvvleplpvllknfaqal-saaeavt-vqvpnhpkr-------------------pelgtrtleftpmiylertdfrlqd-akd-------------------yyglapgkaallrhtgfairvlaaltaqhapatsddqvqllhaeiltqlpq--prpkgvlhwvs-----eks-mpcecrlyeplfcvedplqaaaeqn-------------------lserdgwltffnpkserilqqarcesaddwqp--------------------------------------------------------gaifqfervgfycvdpdsq---------------------------------------------------------------------------------------------------------------------------------------------------------------------------------------------------------------------------------------------------------------------------------------------------------------------------------------------leaspphlvfnrtvtlres--fpkfa--------------------------------------------------------------------------------------------------------------------------------------------------------------------------------------------------------------------------,1731
Qcyto_Tetr.ther3,-------------------------------------------------------------------------------------------------------------------------------------------------------------------------------------------------------------------------------------------------------------------------------------------------------------------------------------------------------------------------------------------------------irtrfppepngylhighaksmnmnfnlafeklgvpme-----------------------------------------------------------------------------------------nrrtifryddtnpdaespeyidslrrdlewl------gwqpe-rt--tyssdnfqtlyelavklienglayvcdmtkaemeaqqapips--ed--vlpgrnrntsvernlklfeemklglhdegamtlrlkmdfesanpnmydlvayri-rytp---hphagkgwciypnydfthgicdsleridysictlefetrrepyywilwaldm------yrpkvyemsrlnleyt-vlskrrllklvnanwvrgwddplmptisglrrrgytkeiinsfcndvgatramn--vvemvklfqvarlklaestrramavlepikivitnfgeesakageggltyevqnspt-------------------dpsygshsvtltetiyidsedfrled-dps-------------------yfrlspnqpvglkyhggnlvcddivrd-gg-nvkvlkchldttegr-------pkpkshiswvp----cd-g-ipcevrvynhlftvaeps-dr-----------------------------weeelnsereivyanaiidpsvlelvdkkdvdkwk----------------------------------------------snqalqferlgyfvvdtdtt-------------------------------------------------------------------------------------------------------------------------------------------------------------------------------------------------------------------------------------------------------------------------------------------------------------------------------------------fdsstksgklvfnrtvslke----------------------------------------------------------------------------------------------------------------------------------------------------------------------------------------------------------------------------------,1731
Qcyto_Caen.eleg,-------------------------------------------------------------------------matk---eellslglsdskvaetlknvkltetigsivklasesge---iskqk---------gtllyqlatklkpqvaaht----plvvkyimndgiktepqlsaaieylls-------htvkg-iqvpdfekscgvgvvvtiddieaavt-kvigq----hrekivaerysfpagkllgelr---allpwadgaitkkevdlrflellgpk-----------taedlapkkkek-kpegpkpskdaaaaatapgtknqkeaspeefadgaetmdellrtrahfhkvgenfkqdgyvttpktaellkahv-aav-ggkvvtrfppepngvlhighakaininfgyakamgg-----------------------------------------------------------------------------------------------vcnlrfddtnpekeeekffsaiedivhwl------gydpa-rv--thssdnfqqlylwavkliqkglafvchqkveemrgfevql-----------spwrerpieeniqlfedmkngkfdegeatlrlkltleegkv---dpvayri-kyvp---hhrtgnqwciyptydythclcdsienithslctkefqsrrssyywlcnaldi------ycpvqweygrlnvnyt-vvskrkilklittktvndwddprlftltalrrrgipseainrfvaklgltmsqm--vidphvldatvrdylnihaprtmavleglkltienfsel--nlpssvd---vpdfpsd------------------ptdprkhsvsvdreifieksdykpddsdks-------------------frrltpkqavglkhiglvlrfvkevkd-aeghvtevvvkaeklsek-------dkpkafihwva------kp-vscevrlydrlfksknpedaqlvp------------------------ggflsdinpdsltvvynalidqsiakskvy-------------------------------------------------------drfqferigffcvdrds-------------------------------------------------------------------------------------------------------------------------------------------------------------------------------------------------------------------------------------------------------------------------------------------------------------------------------------------------tsstlvfnrtvmlkdggasgkn---------------------------------------------------------------------------------------------------------------------------------------------------------------------------------------------------------------------------,1731
Qcyto_Dros.mela,-------------------------------------------------------------------------magddliakfqalgmseqkaketlknanvtknl-qlslaaagsat---lsdgt---------gmliyhmatklkpqtadhl----pllvryivehkldntqrvdaaleyllkc-----gqslnanidlqalekecgvgvvvtpeqiertvqakikas----ykealleqryhfnsfkilqdvr---gelkwadaksvkaaidveifdllgpk-----------teadlkpqtkandkpkaakp-----kaevtpaaqtaeaas-----dgattiselmktkvhfhapgenfkadgyvvtehterllkehl-art-ggkvhtrfppepngilhighakaininfgyaaahdg-----------------------------------------------------------------------------------------------vcylryddtnpekeeekfflaikemvewl------gykpf-ki--tyssdnfqqlyewavvlinkglayvchqkaeelkgfnpk-----------pspwrerpieeslrlfedmkrgkidegaatlrmkvtleegkm---dpvayri-kfis---hhrtgsdwciyptydythclcdsledithslctkefqsrrssyywlcnalgi------ycpvqweygrlnmnya-lvskrkiakliteqivhdwddprlftltalrrrgfpaeainnfcaqmgvtgaqi--avdpamleaavrdvlnvtaprrlvvleplkvtiknfpha---apvqle---vpdfpqn------------------pqq-gthkitldkviyieqgdfklep-ekg-------------------yrrlapkqsvglrhaglvisvdeivkdpatgqvvelictsqpaeqa-------ekpkafvqwvs------qp-iqlevrlyeqlfkhknpedpnevp------------------------ggflsdiseqsmsvvv-afadralnqakvy-------------------------------------------------------dkfqferigffsvdpdt-------------------------------------------------------------------------------------------------------------------------------------------------------------------------------------------------------------------------------------------------------------------------------------------------------------------------------------------------sanhlvfnrtvglked--agkk---------------------------------------------------------------------------------------------------------------------------------------------------------------------------------------------------------------------------,1731
Qcyto_Homo.sapi,-------------------------------------------------------------------------maaldslslftslglseqkaretlknsalsaqlreaatqaqqtlg-stidkat---------gillyglasrlr--dtrrl----sflvsyiaskkihtepqlsaaleyvrs-------hpldp-idtvdferecgvgvivtpeqieeaveaainr-----hrpqllveryhfnmgllmgear---avlkwadgkmiknevdmqvlhllgpk-----------leadlekk-fkvakarleetdrrtakdvvengetadqtls---------lmeqlrgealkfhkpgenyktpgyvvtphtmnllkqhl-eit-ggqvrtrfppepngilhighakainfnfgyakanng-----------------------------------------------------------------------------------------------icflrfddtnpekeeakfftaicdmvawl------gytpy-kv--tyasdyfdqlyawavelirrglayvchqrgeelkghn-tlp----------spwrdrpmeeslllfeamrkgkfsegeatlrmklvmedgkm---dpvayrv-kytp---hhrtgdkwciyptydythclcdsiehithslctkefqarrssyfwlcnaldv------ycpvqweygrlnlhya-vvskrkilqlvatgavrdwddprlftltalrrrgfppeainnfcarvgvtvaqt--tmephlleacvrdvlndtapramavleslrviitnfpaa--k-sldiq---vpnfpad------------------etk-gfhqvpfapivfiertdfkeep-epg-------------------fkrlawgqpvglrhtgyvielqhvvkg-psgcveslevtcrradag-------ekpkafihwvs------qp-lmcevrlyerlfqhknpedptevp------------------------ggflsdlnlaslhvvdaalvdcsvalakpf-------------------------------------------------------dkfqferlgyfsvdpds-------------------------------------------------------------------------------------------------------------------------------------------------------------------------------------------------------------------------------------------------------------------------------------------------------------------------------------------------hqgklvfnrtvtlked--pgkv---------------------------------------------------------------------------------------------------------------------------------------------------------------------------------------------------------------------------,1731
Qcyto_Cion.inte,-------------------------------------------------------------------------mp--dlanlfvsvglteqkaketvknknvsatfveaidlakksce---vdksi---------ggllyqistrlk--hkehl----pvivkfvagkkikteiqlscaldylkn-------npsip-vdeqkfsdasgvgveispaqveevienlvne-----nkaellsqryrfntgkilatar---kllkfadgrivkseldmqildllgpk-----------teadfg----pvakgkkekkeksgsksgkee-eqqwedrs---------lmeqlrgaalkfhkpgenyktegyvitdntmrlmgehl-kit-ggqvrtrfppepngilhighakainfnfgyakandg-----------------------------------------------------------------------------------------------icflryddtnpekeeekfftgilamvkwl------gytpy-kv--thasdyfqelydlavvlikkdlayachqkyeeikginpp-----------pspwrnrpiseslalfedmrkgkldegsttirmkhimedgkq---dpvayri-kftp---hhrtgdkwciyptydfthclcdslehishslctkefqarrssyfwlcnsvdv------ycpvqweygrlnlqyt-vvskrkiqklidagivrdwddprlftltalrrrgfppealndfcakvgvtgnlc--ileptmlescvrttlnntaprvmavldplkititnfpsd--egsieik---vpnfpad------------------esr-ghhssnltkslyiertdfmdia-dkn-------------------ykrfasnqsvglrhaglvltldravkg-dngdvtelivtcksvees-------pkpkafihwvs----atss-laceirvysrlfkhknpedpavvp------------------------ggfvtdcnsntltvntaarveasvknskvf-------------------------------------------------------dkfqferlgyfcvdpdt-------------------------------------------------------------------------------------------------------------------------------------------------------------------------------------------------------------------------------------------------------------------------------------------------------------------------------------------------ndnkivfnrtiplked--pgkn---------------------------------------------------------------------------------------------------------------------------------------------------------------------------------------------------------------------------,1731
Qcyto_Enta.hist,-------------------------------------------------------------------mag--------aaeqfeligiakqkaeetlknaeltktlldiikeagcekg---cekai---------gqllyqlatklnkgkesir----pqviawivskk-vtninmdalmtyink-------hqeld---iptiekecgvgvvvtreqiiegvkqllsg-----kmeelkknrytm-egqlireak---dsikwadgkvlneelmkqlkeilgek-----------tkddikkkaq-kksge-pnkkeevkn------------------------lpkq-kn----vdsgvklsnpad-niqktpeilaehl-krt-ggiyvtrfppepngylhighaksmylnfgyaektgg-----------------------------------------------------------------------------------------------kcymrfddtnpekethefintieetvkwl------ghtpc-av--tyssqyfdriydcaielikrgkayvchqtpdqiaasrenkq---------pspwrdrsveenlkhfkwmcqgrygegeatlrmkmdinspnpcmwdlvayri-kffp---hpvtgdrlccypsydfvhclvdsfedithsmctleflprresyfwlldaldm------ykpvvwefnrlnityt-vmskrklhalvdkgyvrgwddprmptimgfkrkgysadainnfcrtvgvttntt-vyidyevleqhcrddmevkckramcvpdpvkviltnvpdd--ycievvr----pnhpmn-------------------dkmgtntvhlrkvlyidrsdwrded-kkg-------------------ywglapnkvvglryag-niichkfdkdaeg-kitclyctfdadkk--------ekpkghiqwvssgvngaep-akaelryydtlftdpkpesp-----------------------------dweklinpksltiv-ngyvdetlehvkpl-------------------------------------------------------dcfqfervgffccdsds-------------------------------------------------------------------------------------------------------------------------------------------------------------------------------------------------------------------------------------------------------------------------------------------------------------------------------------------------kegalvfnrtvglkes----kekk-qi----------------------------------------------------------------------------------------------------------------------------------------------------------------------------------------------------------------------,1731
Qcyto_Dict.disc,-------------------------------------------------------------------mstkptinkdelvtlfsqigldsskakettnnatlssnlqeiikeagaesg---ceksv---------glllytlatkypanamkhr----atlvdyiankksvnsinlqacldylrrt-----aneeln---vaefeqscgvgvvitreqvaqavsdyink-----nksdllekryqfniggilmeik---nslkwanakdikeevdaailsllgpk-----------tdadkappakpvkptt-ptavatttaattttgdls-------------piipaelkp----akeeikfpdpsd-niqntpklladhl-ktt-ggkivtrfppepngylhighakamhlnfgyakkngg-----------------------------------------------------------------------------------------------kcylrfddtnpekenqeyidsiidsvkwl------ghepc-ei--tysssqfdtlyemanelirrgyayvchqtaseisegrekmt---------dspyrnrtveenlklfedmrlgkfeegkailrmkgdmkhpnpcmrdliayri-kyhh---hpmsgdkwciypsydythclvdsienithslctlefeirrltynwlidvlgl------yrpvvweyarlnltht-vlskrkiitlvqnkivngwddprlstlnafrrkgytpeainllcdtigvtrtng-ttisyellelccrqdldgkatramavfdpikvvitnyped--kseeina----pnipsk-------------------pekgthkidfsrivyiersdfrmed-nkd-------------------ffglapgkeillkyay-nikcekviqdadg-kvtelhvtydkdns--------skklktihwvss-vagtep-mkaevrlyehlfkdseigd------------------------------dwlnninpnslriipnafidktvlaskey-------------------------------------------------------dryqfervgyfvvdkdt-------------------------------------------------------------------------------------------------------------------------------------------------------------------------------------------------------------------------------------------------------------------------------------------------------------------------------------------------tsdkmvfnrtvslken--keksks-rn----------------------------------------------------------------------------------------------------------------------------------------------------------------------------------------------------------------------,1731
Qcyto_Arab.thal,-------------------------------------------------------------------mvlkdd-nseksielfisigldektarntinnnkvtanltaviheaavtdg---cdrnt---------gnllysvatkfptnalvhr----ptllkyivnskiktpaqleaafaffast-----gpedfk---lnefeeacgvgievspediekavkgifee-----nkktileqryrtnvgelfghvr---kslpwadpkivkklidekmyellgek-----------taadnekptkkkekkekpakveekkavvettaepseeelnp------ytifpqpeqnfm--vhtevffsdgsilrcsntkevldkhl-kvt-ggkvytrfppepngylhighakamfvdfglakergg-----------------------------------------------------------------------------------------------ccylryddtnpeaekeeyinhieeivkwm------gwepf-ki--tytsdyfqelydlavelirrghayvdhqtadeikeyrekkm---------nspwrdrpieeslklfdemrrgiieegkatlrmkqdmqsdnfnmydliayri-kfap---hpkagdkwciypsydyahctvdslenithslctlefetrrasyywllhslsl------ympyvweysrlnvtnt-vmskrklnyivtnkyvdgwddprlltlsglrrrgvtstainafvrgigitrsdg-smihvsrlehhireelnktaprtmvvlnplkvvitnlesd--klielda----krwpdaqn----------------ddpsafykvpfsrvvyidqsdfrmkd-skd-------------------yyglapgksvllryaf-pikctnvvfaddnetvreihaeydpekk--------skpkgvlhwvaesspgeep-ikvevrlfeklfnsenpaelnd---------------------------awltdinpnskmvisgayavstlkdaavg-------------------------------------------------------drfqferlgyyavdkds-------------------------------------------------------------------------------------------------------------------------------------------------------------------------------------------------------------------------------------------------------------------------------------------------------------------------------------------------epgklvfnrtvtlrds--ygkggk-------------------------------------------------------------------------------------------------------------------------------------------------------------------------------------------------------------------------,1731
Qcyto_Sacc.cere,-----------------------------------------------------------------------mss-veeltqlfsqvgfedkkvkeivknkkvsdslykliket-psdyq--wnkst---------ralvhnlasfvkgtdlpks----elivngiingdlktslqvdaafkyvkan-----geast----kmgmnensgvgieitedqvrnyvmqyiqe-----nkerilterykl-vpgifadvk-nlkelkwadprsfkpiidqevlkllgpk-----------derdli---kk--ktknnekkktn----sakkssdnsassg---pkr-tmfne--gflgdlhkvgenpqa-----yp---elmkehl-evt-ggkvrtrfppepngylhighskaimvnfgyakyhng-----------------------------------------------------------------------------------------------tcylrfddtnpekeapeyfesikrmvswl------gfkpw-ki--tyssdyfdelyrlaevlikngkayvchctaeeikrgrgikedgtpggeryackhrdqsieqnlqefrdmrdgkykpgeailrmkqdlnspspqmwdliayrv-lnap---hprtgtkwriyptydfthclvdsmenithslcttefylsresyewlcdqvhv------frpaqreygrlnitgt-vlskrkiaqlvdekfvrgwddprlftleairrrgvppgailsfintlgvttstt--niqvvrfesavrkyledttprlmfvldpvevvvdnlsdd---yeelat---ipyrpgt-------------------pefgertvpftnkfyiersdfsenvddke-------------------ffrltpnqpvglikvshtvsfkslekd-eagkiirihvnydnkveegskp---kkpktyiqwvpisskynsplrvtetrvynqlfksenpsshpe--------------------------g-flkdinpesevvykesvmehnfgdvvkn--spwvvdsvknsefyveedkdsk-----------------------------evcrfqamrvgyftldkes-------------------------------------------------------------------------------------------------------------------------------------------------------------------------------------------------------------------------------------------------------------------------------------------------------------------------------------------------ttskvilnrivslkda--tsk----------------------------------------------------------------------------------------------------------------------------------------------------------------------------------------------------------------------------,1731
Qcyto_Schi.pomb,-----------------------------------------------------------------------mdqdyeelrakftkiglnettvkdtlknkklssslnkvieetnvgssg--cdrti---------gnllftlanaslkqkdpksnaheafiaskivsgdlktnlqvnaaityckdk------dtid----esefdketgvgvvltpeqieqlvgdyvae-----nkskileqryql-lnpsasalr-qhallkwapqlevkqtldrkflellgpk-----------teqdaaagkkkgakaknskqktvd----sgkakeqkivseq---skkynmfee--gflaklhkpggntql-----ip---ermkehl-qat-gggvvtrfppepngylhighskaiavnfgfaryhng-----------------------------------------------------------------------------------------------vcylrfddtnpeaeeeryfesikdlvawl------gfqpy-ki--tyssdyfdklyelaeelikrdkayvchctdaeikkarggeer--gp--ryacvhrdrpieesllefrnmrdgkyqpkeailrmkqdlsdgnpqmwdliayrv-lnsp---hprtgdkwkiyptydfthclvdsfenishslcttefilsrvsyewlcnalev------ycpaqreygrlnvvgt-lmskrkimklvkegyvhgwndprlytlvalrrrgvppgailefvsevgvttavs--nievarfencvrkflensvprlmflpdpikvtlenldds---yreqie---ipfnpkd-------------------psmgsrsafltkhiyidrsdfreea-ssd-------------------ffrltlgqpvglfrashpvvakrvvkn-degepieiiaeyd-----asss---kkpktfiqwvsrdkesnspvliaetrlfnnlfkcdnpaalke--------------------------qelaaqlnpesevvlknsiiepgiydliks--apwpkt---dssagvdkaenp------------------------------esvrfqamrvgyfcldedtk------------------------------------------------------------------------------------------------------------------------------------------------------------------------------------------------------------------------------------------------------------------------------------------------------------------------------------------------kpnhlvlnrivslred--saknkn-------------------------------------------------------------------------------------------------------------------------------------------------------------------------------------------------------------------------,1731
Qcyto_Cryp.neof,----------------------------------------------------------------mppkfdpnspenapliqlfqslglasnsatelvrqpksgkafkslideygltnnk--ydekq---------agalvklssvsaklgseqk----dflvqkivkgdvktpdqvtaavkfaekn-----pdlkan---eeafdkecgvginitladlpellksyits-----lps--ppegwns-lgpilggikggasdlrwanatevkstlesifvslfgtk-----------eaaaaaaaakpkakapkaaekpvkpvsttaavatksssatp---aiptnifee--gflsefhkvgenpqs-----dp---klkeehl-awt-kgqvytrfppepngylhighvkaimvdfgyakyhgg-----------------------------------------------------------------------------------------------rtylryddtnpeaeegryfqsiletvrwl------gfepw-ki--tyssdnfdrlyelavelirrgkgyvctcdaekikedrgmgkg-----npipcvhrdrpieeslhefermkngeykekeacmrmkmdlnsgnpymwdtvayrv-kkap---hhrtgdkwkiyptydfthclcdsienithslctiefiparesyewlcdalsv------ykarqyefarlnlqgt-flskrkiaklvqnghvkdwddprlytiialrrrgippgallsfvselgvtnips--tteiqkfescvrgylessaprlmmvlnpikiiidnvpdd---yrvqve---vplhpki-------------------pamgtvqtiftkevyidaddfrevd-spd-------------------yfrlapgksvglfkapypvtctsftkdpvtgrvtevhctla-----gegf---kkpkayiqwvn----apeavkidevryfkklfksdppp------------------------------adyeadvdpdslevysnaviepafyelakkqisdarkdseertkkaveqaakpdtssapvegsaaaqhkdeepvataeqlvgnenirfqgmrlayftldresklgclek-----------------------------------------------------------------------------------------------------------------------------------------------------------------------------------------------------------------------------------------------------------------------------------------------------------------------------------edvkgrsegdkiilnrivslked--agksa--------------------------------------------------------------------------------------------------------------------------------------------------------------------------------------------------------------------------,1731
Qcyto_Thei.parv,---------------------------------------------------------------------------------------------------------------------------------------------------------------------------------------------------------------------------------------------------------------------------------------------------------------------------mpikitsailnrlkfsnirmssn-----------lnnteavsskmeklnmassrdqtnfilqiveddiksgkhr-evitrfppepngflhighaksiclnfelpkkfgg-----------------------------------------------------------------------------------------------rthlrfddtnpmseevmyiesikndvkwl------gydwgehl--yyasnyfdklyewalelirkglayvddqsveeiresrgsltv--pg--k-dspyrnrtveenlklfemmkdgefpdgkcvlrakidmkssnmnmrdpimyri-irap---hpntgdkwiiypmydyvhgqsdslecithsicttefelhrplydwfqeklgi------lrtrqiefarlnlsyc-vmskrlllhlvntkivsgwddprmptisglrrrgctpesirnfcnkigvakren--miqiellenciredlnkvstrffavldpllveienlddt--ft-ekve--vpcnnpn-------------------yt----rtltfskriyvdrkdfsesp-ssd-------------------fyrlyqgnevrlfyty-wikctkvvkngd--vveklvceydpktkggkledksrkvkatihwlg----sndw-fpatfrwysrlftkpdpk------------------------egtegefgwlenvnkeslkvyk-gmaektatllkv-------------------------------------------------------gepiqfertgyftkdp-dstdt------------------------------------------------------------------------------------------------------------------------------------------------------------------------------------------------------------------------------------------------------------------------------------------------------------------------------------------------ehvfnltitlvds--fasnke-sqlhkelekkkrle----aiear------kakkgspks----------------------------------------------------------------------------------------------------------------------------------------------------------------------------------,1731
Qbact_Rhod.balt,---------------------------------------------------------------------------------------------------------------------------------------------------------------------------------------------------------------------------------------------------------------------------------------------------------------------------------maranrgehstlstfwqsrhnaasfdplyrridvnapepsdsatpektpskhfirqaidadlasgrfd-gvatrfppepngylhighaksiclnfglakdmgg-----------------------------------------------------------------------------------------------tcnlrfddtnpikedteyvdsiqedvrwl------gfewd-nl--hfasdyfdqlydwaeqlvkdgkayvcdltaeetreyrgtlte--pg--k-nsphrdrtpeknlellramkagkfkdgektlrakidmaspninlrdpvmyri-ahvp---hhrtgdkwciypmydwahgqsdslekitfsictlefehhrplynwycenlgi-----h-hprqiefarlnmtft-vmskrkllqlvkenhvtgwddprmptlvglrrrgytpesirsfcadigvakfns--tidvirlensvrehlnsvaprrmavldpikltitnwpeg--kv-emmn---ainnpe-------------------desagsreipfsgelyietedfreea-prk-------------------ffrlkkggsvrlrsgy-ivdchdvvkdadg-nvtevlctydpetksge-dtsgrkvkgtihwvs----reha-qkvtvrnydrlfkvenp-------------------------dassdtgsfldhlnpdslttlt-ahvepalaeaav-------------------------------------------------------gdrvqferlgyyvvdp-dstdg------------------------------------------------------------------------------------------------------------------------------------------------------------------------------------------------------------------------------------------------------------------------------------------------------------------------------------------------eiifnrivplrdt--wgkiea-kgkk--------------------------------------------------------------------------------------------------------------------------------------------------------------------------------------------------------------------,1731
Qbact_Arom.arom,----------------------------------------------------------------------------------------------------------------------------------------------------------------------------------------------------------------------------------------------------------------------------------------------------------------------------------------------------------------mnpntpkdgaastpsn-----firnlidednrsgkwdgrvetrfppepngylhyghaksiclnfglaqsygg-----------------------------------------------------------------------------------------------achlrfddtnpekeeqeyvdsiieavrwl------gfnwgehl--yfasdyfdrmyacaeylitsgrayveslsaeemrayrgtlte--ag--r-espyrsrsveenldlfrrmrageftdgqhilrakvdmaspnlnlrdpaiyri-rrat---hhrtgdawciypmytfahpiedaiegithslctlefedqrpfydwlldalatggffprplpqqiefarlnltyv-vlskrkliqlvdehhvdgwddprlptlvgarrrgftaagfrlfaerigvtksdt--widvsvleecmredlndaaerrvavldplklvitnypeg--hs-eqce---apnhpl-------------------kpelgkrpmpfsgelwieredfmetp-akg-------------------frrlypgnmarlrygy-vvkctgcekdadg-nitavlceylpdtksgtpgadsvkvkgnlhwvs----vaha-yeaqvrlydrlfahpypgnrreg-------------------dpedfersyiddln-dtskltihaqlepalanarp-------------------------------------------------------edhfqferhgyfvadridstag------------------------------------------------------------------------------------------------------------------------------------------------------------------------------------------------------------------------------------------------------------------------------------------------------------------------------------------------apvfnrtvtlkds--wsk--a-kg----------------------------------------------------------------------------------------------------------------------------------------------------------------------------------------------------------------------,1731
Qbact_Brad.japo,-------------------------------------------------------------------------------------------------------------------------------------------------------------------------------------------------------------------------------------------------------------------------------------------------------------------------------------------------------------------------mtepvaaevgrdfirdiiqadldqakyr-eivtrfppepngylhighaksialnfgiaqefpg-----------------------------------------------------------------------------------------------rchlrfddtnpvkeeqeyidsiqadvhwl------gfdwgknl--ffasdyfdrlyewaetlirdglayvddqtqeeirtsrgtlte--pg--k-nspfrdrsvdenldlfrrmkagefpngarvlrakidmaagninlrdpvlyri-lhah---hprtgnawciypsydyahgqsdaiegithsictlefedhrplydwfieklpv-----pskphqyefarlnltyt-llskrvltqlvreghvagwddprmptmagmrrrgvppaalrefvkrigvakans--vvdvgmlefcireelnrtaqrrmavlkplkvvienypeg--qt-eele---ainhpd-------------------dpsagtrkitfgrelyieqddfmenp-pkk-------------------ffrlspgnevrlryay-fvkctgviknesg-evvelrctydpatrggnapdg-rkvkatmhwls----aaas-kpaeiriynqlfanpspd-----------------------------asnfaadlnpqsleilsnarveasvaesns-------------------------------------------------------tepmqferqgyfvrdk-dstpg------------------------------------------------------------------------------------------------------------------------------------------------------------------------------------------------------------------------------------------------------------------------------------------------------------------------------------------------kpvfsrtiglrdt--fakeva-kg----------------------------------------------------------------------------------------------------------------------------------------------------------------------------------------------------------------------,1731
Qbact_Dein.radi,-----------------------------------------------------------------------------------------------------------------------------------------------------------------------------------------------------------------------------------------------------------------------------------------------------------------------------------mgafgweqdrgapfsgrspriltrmtdaprptagadaparppaaplvapnfiteiierdleagkyp-rvvtrfppdpsgyahlghvfaslldfntarqygg-----------------------------------------------------------------------------------------------qfnlrmddtnpelarqeyvdsiaddlkwl------gldwgehf--yyasdyfdryyayaeqlirqgdayvesvspeelsrlrgnatt--pg--t-pspyrdrsveenldllrrmkagefadgehvlrakidltapnmklrdpvlyri-vnkp---hfrtsdewhiypaydfehplqdaiegvthsmcslefvdnraiydwlmeklnf-----dprphqyefgrrgleyt-itskrklrelvqagrvsgwddprmptlraqrrlgvtpeavrafaaqigvsrtnr--tvdiavyenavrddlnhraprvmavldpvkvtltnldge--kt---ls---lpywphdvvrdspdglvgmpgggrvapeeavrdvpltrelyierddfspap-pkg-------------------fkrltpggtvrlrgag-iiraddfgtdeag-qvthiratllgeda---------kaagvihwvs----aera-lpaefrlydrlfrvphpegenadveddsagpaeheaepgagqetapvsqgfmryltpdslrvlr-gyvepsvagdpa-------------------------------------------------------dtryqferqgyfwrdpvelervdsr-----------------------------------------------------------------------------------------------------------------------------------------------------------------------------------------------------------------------------------------------------------------------------------------------------------------------------------e--------dalvfgriitlkdt--wgkqgg-gtqqkaegkkrpstkgrgpdevrgegssspakahapkaqpltpeqdaeftrllglgasegdartiardpallafvggaapgdtfaqvaswtvnelv-aglragevkvraadlaplaegvasgqlsariarealaraaasgdapltiiereglnaglsaealqqvvaqviaanpdkaeayrggktallgfftgqvmratagkadpqalaaalkdala,1731
Qbact_Esch.coli,---------------------------------------------------------------------------------------------------------------------------------------------------------------------------------------------------------------------------------------------------------------------------------------------------------------------------------------------------------------------------mseaearptnfirqiidedlasgkht-tvhtrfppepngylhighaksiclnfgiaqdykg-----------------------------------------------------------------------------------------------qcnlrfddtnpvkedieyvesikndvewl------gfhwsgnv--ryssdyfdqlhayaielinkglayvdeltpeqireyrgtltq--pg--k-nspyrdrsveenlalfekmraggfeegkaclrakidmaspfivmrdpvlyri-kfae---hhqtgnkwciypmydfthcisdalegithslctlefqdnrrlydwvldniti-----pvhprqyefsrlnleyt-vmskrklnllvtdkhvegwddprmptisglrrrgytaasirefckrigvtkqdn--tiemaslesciredlnenapramavidpvklvienyq-g--eg-emvt---mpnhpn-------------------kpemgsrqvpfsgeiwidradfreea-nkq-------------------ykrlvlgkevrlrnay-vikaervekdaeg-nittifctydadtlskdpadg-rkvkgvihwvs----aaha-lpveirlydrlfsvpnpg----------------------------aaddflsvinpeslvikq-gfaepslkdava-------------------------------------------------------gkafqferegyfcldsrhstae------------------------------------------------------------------------------------------------------------------------------------------------------------------------------------------------------------------------------------------------------------------------------------------------------------------------------------------------kpvfnrtvglrdt--wak-vg-e-----------------------------------------------------------------------------------------------------------------------------------------------------------------------------------------------------------------------,1731
Qbact_Vibr.para,---------------------------------------------------------------------------------------------------------------------------------------------------------------------------------------------------------------------------------------------------------------------------------------------------------------------------------------------------------------------------mseadarpsnfirqiidkdladgkht-svhtrfppepngylhighaksiclnfgiaqdyqg-----------------------------------------------------------------------------------------------qcnlrfddtnpekedieyvesikkdvnwl------gfewdgev--cyssnyfdklyeyaielinkglayvdelspeqireyrgtlke--pg--k-pspyrdrsveenlalfekmragefeegkaclrakidmgssfmvmrdpvlyrv-rfat---hhqtgdkwciypmydfthcisdalegithsictlefmdnrrlydwvldniti-----dcrphqyefsrlnleyt-vmskrklnqlvteklvngwddprmptvsglrrrgftpasirefckrigvtkqen--miefsslescirddlnenapramavldpvkvvienfevg--av-enlt---lanhpn-------------------kpemgerevpftrevwieredfreea-nkk-------------------ykrlvlgkevrlrgay-vikaervekdaeg-nittiyctydpetlgknpadg-rkvkgvihwvs----adka-lpaeirlydrlftvpnpa----------------------------aaedfastintdslvvin-gfvepslasaea-------------------------------------------------------eqgyqfermgyfcadskdstad------------------------------------------------------------------------------------------------------------------------------------------------------------------------------------------------------------------------------------------------------------------------------------------------------------------------------------------------nlvfnrtvglrdt--wak-ie-nq----------------------------------------------------------------------------------------------------------------------------------------------------------------------------------------------------------------------,1731
PDB_2hz7_A,-----------------------------------------------------------------------------------------------------------------------------------------------------------------------------------------------------------------------------------------------------------------------------------------------------------------------------------------------------------------------------aaplvapnfiteiierdleagkyp-rvvtrfppdpsgyahlghvfaslldfntarqygg-----------------------------------------------------------------------------------------------qfnlrmddtnpelarqeyvdsiaddlkwl------gldwgehf--yyasdyfdryyayaeqlirqgdayvesvspeelsrlrgnatt--pg--t-pspyrdrsveenldllrrmkagefadgehvlrakidltapnmklrdpvlyri-vnkp---hfrtsdewhiypaydfehplqdaiegvthsmcslefvdnraiydwlmeklnf-----dprphqyefgrrgleyt-itskrklrelvqagrvsgwddprmptlraqrrlgvtpeavrafaaqigvsrtnr--tvdiavyenavrddlnhraprvmavldpvkvtltnldge--kt---ls---lpywphdvvrdspdglvgmpgggrvapeeavrdvpltrelyierddfspap-pkg-------------------fkrltpggtvrlrgag-iiraddfgtdeag-qvthiratllgeda---------kaagvihwvs----aera-lpaefrlydrlfrvphpegen----------------------------gfmryltpdslrvlr-gyvepsvagdpa-------------------------------------------------------dtryqferqgyfwrdpvelerv-------------------------------------------------------------------------------------------------------------------------------------------------------------------------------------------------------------------------------------------------------------------------------------------------------------------------------------------------lvfgriitlkdt--w------------------------------------------------------------------------------------------------------------------------------------------------------------------------------------------------------------------------------,1731
PDB_1o0b_A,-----------------------------------------------------------------------------------------------------------------------------------------------------------------------------------------------------------------------------------------------------------------------------------------------------------------------------------------------------------------------------------tnfirqiidedlasgkht-tvhtrfppepngylhighaksiclnfgiaqdykg-----------------------------------------------------------------------------------------------qcnlrfddtnpvkedieyvesikndvewl------gfhwsgnv--ryssdyfdqlhayaielinkglayvdeltpeqireyrgtltq--pg--k-nspyrdrsveenlalfekmraggfeegkaclrakidmaspfivmrdpvlyri-kfae---hhqtgnkwciypmydfthcisdalegithslctlefqdnrrlydwvldniti-----pvhprqyefsrlnleyt-vmskrklnllvtdkhvegwddprmptisglrrrgytaasirefckrigvtkqdn--tiemaslesciredlnenapramavidpvklvienyq-g--eg-emvt---mpnhpn-------------------kpemgsrqvpfsgeiwidradfreea-nkq-------------------ykrlvlgkevrlrnay-vikaervekdaeg-nittifctydadtl------------gvihwvs----aaha-lpveirlydrlfsvpnpg----------------------------aaddflsvinpeslvikq-gfaepslkdava-------------------------------------------------------gkafqferegyfcldsrhstae------------------------------------------------------------------------------------------------------------------------------------------------------------------------------------------------------------------------------------------------------------------------------------------------------------------------------------------------kpvfnrtvglrdt---------------------------------------------------------------------------------------------------------------------------------------------------------------------------------------------------------------------------------,1731
