protein_name,sequence,length
1hst_A,-------------------------------------------------------------shptysemiaaairaeksrgg-ssrqsiqkyikshykv----ghnadlqiklsirr-llaagvlkqtkg--------vgasgsfrlak------------------------------------------------------------------------------------------------------------------------------------------------,293
H5A_XENLA,--------------------------------------maensaatpaakpkrskalkkstdhpkysdmilaavqaeksrsg-ssrqsiqkyiknhykv----genadsqiklsikr-lvtsgalkqtkg--------vgasgsfrlakade-gkkpakkp-kkeikkavspkkva--kpkkaakspakakkpkvaekkvkkvakkkpapspkkakktktvkakpvraskvkkakpskpkakaspkksgrkk-----------------------------------------,293
H1D_STRPU,------------------------------madtdaapaapapstpkkaakkkaskpktpashpkysdmiasaleslkekkg-ssrqailkyvkanftv----gdnanvhikqalkr-gvtsgqlrhvkg--------sgasgsfllaektk----tpkkaaakkatpkkkpaakktkkpaakkatkkpakkpaakkkvakpaakkaakpvakkatpkkkvvkkaakgkgkkk------------------------------------------------------------,293
H1_TIGCA,------------------------------------------mtettsakpkkvskpkakpthpptsvmvmaaikalkerng-sslpaikkyiaanykv---dvvknahfikkalks-lvekkklvqtkg--------agasgsfklaaaak-aekpkava-kpkkaktpkkkaaa--tkkptgekkaktpkkkpaakkpaaakpkkaktpkkkaapakktpvkkvkktspkkkaapkkk-----------------------------------------------------,293
H1_DROHY,-----------------msdsvvavsaspvtpqtasaekkvaakkpasasaskakkttappthpptqqmvdasiqnlkergg-ssllaikkyisatykc---daqklapfikkylkn-svangkliqtkg--------kgasgsfklsassk-kepkpkvs-svekkskkvtssaa--aakkktisatkkpkgvadkklskavvtkksvdkkkaekakakdakkvgtikakpttakakssaakpktpkpkttsakpkkvvaaaspkkaaakkpkaktasatkk----------,293
H11_DROVI,-----------------msdsavatsaspviaqaasgekkvstkk-gsstpeskkstaappshpptqqmvdasiknlkergg-ssllaikkyigatykc---daqklapfikkylkn-avangnviqtkg--------kgasgsfklsasan-kdakpkas-avekktkkvnasaaratksksststtkkaagaadkklsksaaakknvekkkadkekakdakktgtikakpttakakssatkpktpkpkttsakpkkvvsattpkktavkkpkaktasatkk----------,293
H1_DROME,-----------------msdsavatsaspvaappatvekkvvqkkasgsagtkakkasatpshpptqqmvdasiknlkergg-ssllaikkyitatykc---daqklapfikkylks-avvngkliqtkg--------kgasgsfklsasak-kekdpkakskvlsaekkvqskkvaskkigvsskktavgaadkkpkakkavatkktaenkktekakakdakktgiikskpaatkakvtaakpkavvakaskakpavsakpkktvkkasvsatakkpkakttaakk------,293
H1G_STRPU,---------------------------------------------msaakpkvakkarvapahppssqmvvaavtalkergg-sstqaikkyiaanytv---dmtkqgpfirralvk-gvasgalvqtkg--------kgasgsfklgkkke-gksdaqkariaakkaklaakkkeqrekkalktkarkekvaakkaakkatkktkkvkkpaakkakkpaakkpaakkpaakkakkpakkvakpakkaaakpakkaakpakkaakpakkaakpakk-----------------,293
H1B_STRPU,---------------------------------------------maaeqkkvakkprakpahpsssemvlaaitalkergg-ssaqairkyieknytv---dikkqaifikralit-gvekgtlvqvkg--------kgasgsfklgkkke-gksdaqkapdaakkaklaakkkeakekkaarskakkeklaakkaskkttkkvkkpaakkakkpaakkaakkpaakkpaakkaaakpapakkaakkpaakkaakkvakkpaakkaakk-----------------------,293
H1E_CHIPA,------------msdpaqeveapveaapvasspkgkkekapkapkaekpksdkpkkpkaapthppvsemvvnaittlkergg-ssliaikkfvaaqykv---dveklvpfikkflka-svakgtllqakg--------kgasgsfklppaak-kvdkpkkapaapkpkstnkrvtgekkvvkkpaakkpeakkatkaakpaakkvaakpaakkaaapkpkpaakpkkevkpkeeakpkkaaakpakpaakpakkpaakkak--------------------------------,293
H12_GLYBA,-----------------------msdpapevapaapvaspakakkekkpksdkpkkpkaprthppvsemvvnaiktlkergg-sslqaikkflvaqykv---dveklapfikkylkggavvkgellqtkg--------kgasgsfklpaaak-kekvakkpmkatgekkpkaaakpkkagekkksiakkpkaatatkvkkpvakstkkqaavkpaakkaapkpkavpkpkaakpkkeakpkkaaapkaakkpaqkkpkatkkpaakka-------------------------,293
H11_GLYBA,-----------msdsapeietpveeapkaaspakspakspgrakkakkdgsdkpkkpkaipthppvsemvvnalktlnekgg-ssviaikkflvatykv---eiekllpfikkflkg-avlkgevlqvkg--------tgasgsfkmpppak-kvdrpesapkkkatktktrverkekkvvakkpkpavekkaakpaakkaaakpaakkaaakpaakkpaakaspkkaaakpkakptpkkstpakpkaaarkpakksk-----------------------------------,293
H1A_PLADU,----------------------------------------------------arrrktaaaahppvatmvvtailglkerkg-ssmvaikkyiaanyrv---dvarlapfirkfir------kavkqtkg--------tgasgsfrvnktav-pkkkkaakkpkakkvkkpksaakkktnrarkpktkknrn-----------------------------------------------------------------------------------------------------,293
H1E_STRPU,---------------------------------------------maeknsskkvttkkpaahppaaemvataitelkdrng-sslqaikkyiatnfdv---qmdrqllfikralks-gvekgklvqtkg--------kgasgsfkvnvqaa-kaqasekakkekekakllaqrekakekgcseegetaegsrpkkvkaapkkakkpvkkttekkekkktpkkapkkpaakkstpkktpkkaaakkpktakpkkpaxkkaaksk-----------------------------,293
H1_PARAN,---------------------pgspqkraasprksprkspkksprkasasprrkakrarasthppvlemvqaaitamkerkg-ssaakiksymaanyrv---dmnvlaphvrralrn-gvasgalkqvtg--------tgasgrfrvgavakpkkakktsaaakakkakaaaakkarkakaaakrkaalakkkaaaakrkaaakakkakkpkkkaakkakkpakkspkkakkpakkspkkkkakrspkkakkaagkrkpaakkarrsprkagkrrspkkark-----------,293
H1_ECHCR,-------------------------aaspqkraasprkspkksprkspkkksprkrkarsaahppvidmitaaiaaqkerrg-ssvakiqsyiaakyrc---dinalnphirralkn-qvksgalkqvsg--------vgatgrfrvgavkr---saasanklkatrekararakakkakaaarrkaaaakrkaaaakrraakkarkakakp---------------------------------------------------------------------------------,293
H12_CAEEL,--------------------------sdvtvaetpavktptkapkapksktttepsskvaaahppfinmikeaikqlkerkg-sskiailkyitanykvg-dqltrinsrlraalnk-gvaskalvqsvg--------ngasgrfrvpekaa---atkkpvakkpvakkaatgekkakkttvakktgdkvkkakspkkiakpaakkvakspakkaapkkapakkaaapka---------------------------------------------------------------,293
H11_CAEEL,--------------------------sdsavvaaavepkvpkakaakaakptkvakakapvahppyintikeaikqlkdrkg-askqailkfisqnyklg-dnviqinahhrqalkr-gvtskalvqarg--------sgangrfrvpekaaaakkpaaakkpaaakkpaaakkatgekkakkpaaakpkkaatgdkkvkkakspkkvakpaakkvakspakkaapkkiakpaakkaakpaaka-------------------------------------------------,293
H11_BOVIN,---------------------------setapaapaaappaektpvkkkaakkpagarrkasgppvselitkavaaskersg-vslaalkkalaaagy----dveknnsriklglks-lvskgtlvqtkg--------tgasgsf----------------------------------------------------------------------------------------------------------------------------------------------------,293
H11_MOUSE,-------------------------setapvaqaastatekpaaakktkkpakaaaprkkpagpsvselivqavssskersg-vslaalkkslaaagy----dveknnsriklglks-lvnkgtlvqtkg--------tgaagsfklnkkaeskaittkvsvkakasgaakkpkktagaaakktvktpkkpkkpavskktskspkkpkvvkakkvakspakakavkpkaskakvtkpktpakpkkaapkkk------------------------------------------,293
H11_HUMAN,------------------------setvppapaasaapekplagkkakkpakaaaaskkkpagpsvselivqaassskergg-vslaalkkalaaagy----dveknnsriklgiks-lvskgtlvqtkg--------tgasgsfklnkkassvetkpgaskvatktkatgaskklkkatgaskksvktpkkakkpaatrkssknpkkpktvkpkkvakspakakavkpkaakarvtkpktakpkkaapkkk-----------------------------------------,293
H101_CHICK,--------------------------setapaaapdapapgakaaakkpkkaaggakarkpagpsvtelitkavsaskerkg-lslaalkkalaaggy----dveknnsriklglks-lvskgtlvqtkg--------tgasgsfrlnkkpgevkekaprkrataakpkkpaakkpaaaakkpkkaaavkkspkkakkpaaaatkkaakspkkaakagrpkkaakspakakavkpkaakpkatkpkaakakktaakkk-----------------------------------,293
H1_ONCMY,-----------------------------------aevapapaaaapakapkkkaaakpkkagpsvgelivkavsaskersg-vslaalkkslaaggy----dveknnsrvkiavks-lvtkgtlvqtkg--------tgasgsfklnkkaveakkpakkaaapkakkvaakkpaaakkpkkvaakkavaakkspkkakkpatpkkaakspkkvkkpaaaakkaakspkkatkaakpkaakpkaakakkaapkkk--------------------------------------,293
H1B_XENLA,-----------------------tattetapvappaepaaakktkkqqpkkvaggakakkpsgpsaselivkavssskersg-vslaalkkalaaggy----dvdknnsrlklalka-lvtkgtltqvkg--------sgasgsfklnkkqletkdkaakkkpaapkakktaagakkapkspkkpkkvsaaakspkkvkklakaakspkkpkavkakkvakspakkatkpktakspakakvakpkaakakkpapkk-------------------------------------,293
H1A_XENLA,---------------------aeaaesapapppaepaakkkkqqpkkaaaargaakskkpssgpsvseqivtavsaskersg-vslaalkktlaaggy----dvdknnsrlklalk---vtketllqvkg--------sgasgsfklnkkqlqskdkaaakkkaplaaeakkpaaaakktakspkkpkkvsaaakspkklkkpakaakspakktavkpkvaakspakakaakpkvakakkaapkkk-----------------------------------------------,293
H1T_PIG,-----------------------aetapaapadsvpasvekppakkrgkkpvgltgtsrkapsasvsklitealsvsqerag-mslaalkkalaaagy----dveknnsriklglks-lvgkgilvqtrg--------tgasgsfklskkaapeprkgkvkkpaaaktkklvlsrdskspksakankrakksrttaaqkaarsgrktkeakvkqqrkspakaraakpkagnpkltqqktnprkatnrk---------------------------------------------,293
H1T_HUMAN,-----------------------setvpaasasagvaameklptkkrgrkpaglisasrkvpnlsvsklitealsvsqervg-mslvalkkalaaagy----dveknnsriklslks-lvnkgilvqtrg--------tgasgsfklskkvipkstrskakksvsaktkklvlsrdskspktaktnkrakkprattpktvrsgrkakgakgkqqqkspvkaraskskltqhhevnvrkatskk--------------------------------------------------,293
H1T_MOUSE,-------------------------setapaasstlvpapvekpsskrrgkkpglaparkprgfsvsklipealstsqerag-mslaalkkalaaagy----dveknnsriklalkr-lvnkgvlvqtkg--------tgasgsfklskkaasgndkgkgkksasakakkmglprasrspkssktkavkkpkatptkasgsrrktkgakgvqqrkspakaraanpnsgkakmvmqktdlrkaagrk-----------------------------------------------,293
H1L_MYTCA,----------------------pspsrrsrsrsrsrskspkrspakkarktpkkrratggakkpstlsmivaaiqamknrkg-ssvqairkyilannk------gintsrlgsamkl-afakglksgvlvrpktsagasgatgsfrvgkapsspkkkakkakspkkksskkssnksnn-------------------------------------------------------------------------------------------------------------------,293
H1_WHEAT,--------mstdvaaadipvpqvevaadaavdtpaakpakapkaakakkstpgpkkprvtpahpsyaemvseaiaalkersg-sstiaigkfiedkhka--hlpanfrkilltqikk-lvaagkltkvkg-------------syklakapaavkpktatkkkpaakpkakapakktaakspakkaaakpkakapakakavakpkaaakpkaaakpkakaaakkapaaatpkkpaarkpptkratpvkkaapakkpaakkakk------------------------------,293
H1_DICDI,----------------------------------------gpkapttptkkaaatkskpkpnhptyqvmistaiahykdrtg-ssqpaiikyieanyn---vapdtfktqlklalkr-lvakgtltmvka-------------syklseegkkehqatlgpvakkpkakttatstettaappatptkkaapkkpaakaaststktaaakknsakvtkavskkpaakkapskkvaakk--------------------------------------------------------,293
H11_ARATH,-mseveienaatiegntaadapvtdaavekkpaakgrktknvkevkekktvaaapkkrtvsshptyeemikdaivtlkertg-ssqyaiqkfieekrk---elpptfrkllllnlkr-lvasgklvkvka-------------sfklpsasakasspkaaaeksapakkkpatvavtkakrkvaaaskakktiavkpktaaakkvtakakakpvprataaatkrkavdakpkakarpakaaktakvtspakkavaatkkvatvatkkktpvkkvvkpktvkspakrassrvkk,293
H1_NEUCR,--------------------------mppkktetkaadasaaaapapaaaptsapktkspsthasyldmitdaivalkdrag-ssrqalkkyvranntlgnvtdnmfdslfnkalkn-gvdkgvfeqpkg----------psggtklakkvakpapkkaapkketkekkpaaakkegaakketkekkapaakkaaapkkaaapkkevkekkaaapkkkaaapavadketvltktksgrvakstakpaaakkaaapkkaaaskkaekaepaaeka-------------------,293
H1_EMENI,--------------------------------------------mppkkapttakkaasgpthtsyrdmikdailnlkerng-ssrqsikkyvlannklapasqnafdsqfnkaika-gvekgdfiqpkg----------tsgpvklakkqapakpapkkpatttktaapkktatkkadkaekaekpktkktnagvkkpagrpkantakprkastaapavvdkpkvvsvtksgrkttttakptekatkktaknkka-------------------------------------,293
1aoy_,------------------------------------------------------------mrssakqeelvkafkallkeekfssqgeivaalqeqgfd----ninqskvsrmltkf-gavrtrnakmem--------vyclpaelgvptt----------------------------------------------------------------------------------------------------------------------------------------------,293
1jhg_A,-----------------------saamaeqrhqewlrfvdllknayqndlhlpllnlmltpderealgtrvriieellrge--msqrelknelg----------agiatitrgsnsl-kaapvelrqwle--------evllksd----------------------------------------------------------------------------------------------------------------------------------------------------,293
1idy_,----------------------------------------------------------mevkktswteeedrilyqahkrlg-nrwaeiakllp----------grtdnaiknhwns-tmrrkv-------------------------------------------------------------------------------------------------------------------------------------------------------------------------,293
